{
  "classes": [
    "dos",
    "normal",
    "probe",
    "r2l",
    "u2r"
  ],
  "rf": {
    "accuracy": 0.7366693283648301,
    "macro_f1": 0.4716548035878267,
    "classification_report": {
      "dos": {
        "precision": 0.9610652283836171,
        "recall": 0.7645481362295522,
        "f1-score": 0.8516167575237099,
        "support": 7458.0
      },
      "normal": {
        "precision": 0.6334226389819156,
        "recall": 0.973844094326022,
        "f1-score": 0.767582484477091,
        "support": 9711.0
      },
      "probe": {
        "precision": 0.8634175691937425,
        "recall": 0.5927302767451467,
        "f1-score": 0.7029145236345824,
        "support": 2421.0
      },
      "r2l": {
        "precision": 0.7857142857142857,
        "recall": 0.0038128249566724438,
        "f1-score": 0.0075888237323214905,
        "support": 2885.0
      },
      "u2r": {
        "precision": 0.3333333333333333,
        "recall": 0.014925373134328358,
        "f1-score": 0.02857142857142857,
        "support": 67.0
      },
      "accuracy": 0.7366693283648301,
      "macro avg": {
        "precision": 0.7153906111213788,
        "recall": 0.4699721410783443,
        "f1-score": 0.4716548035878267,
        "support": 22542.0
      },
      "weighted avg": {
        "precision": 0.7851230903680018,
        "recall": 0.7366693283648301,
        "f1-score": 0.688976816088644,
        "support": 22542.0
      }
    },
    "confusion_matrix": [
      [
        5702,
        1719,
        37,
        0,
        0
      ],
      [
        67,
        9457,
        186,
        0,
        1
      ],
      [
        164,
        822,
        1435,
        0,
        0
      ],
      [
        0,
        2869,
        4,
        11,
        1
      ],
      [
        0,
        63,
        0,
        3,
        1
      ]
    ]
  },
  "cnn": {
    "accuracy": 0.7439002750421435,
    "macro_f1": 0.5738004920056798,
    "classification_report": {
      "dos": {
        "precision": 0.913113435237329,
        "recall": 0.7609278626977742,
        "f1-score": 0.8301031229430264,
        "support": 7458.0
      },
      "normal": {
        "precision": 0.6784879189399844,
        "recall": 0.8964061373699928,
        "f1-score": 0.7723703473670201,
        "support": 9711.0
      },
      "probe": {
        "precision": 0.752400202122284,
        "recall": 0.6150351094589013,
        "f1-score": 0.6768181818181818,
        "support": 2421.0
      },
      "r2l": {
        "precision": 0.9271739130434783,
        "recall": 0.2956672443674177,
        "f1-score": 0.4483574244415243,
        "support": 2885.0
      },
      "u2r": {
        "precision": 0.07859531772575251,
        "recall": 0.7014925373134329,
        "f1-score": 0.14135338345864662,
        "support": 67.0
      },
      "accuracy": 0.7439002750421435,
      "macro avg": {
        "precision": 0.6699541574137656,
        "recall": 0.6539057782415038,
        "f1-score": 0.5738004920056798,
        "support": 22542.0
      },
      "weighted avg": {
        "precision": 0.7940963399690489,
        "recall": 0.7439002750421435,
        "f1-score": 0.7378651494356121,
        "support": 22542.0
      }
    },
    "confusion_matrix": [
      [
        5675,
        1634,
        122,
        0,
        27
      ],
      [
        401,
        8705,
        355,
        62,
        188
      ],
      [
        135,
        792,
        1489,
        1,
        4
      ],
      [
        1,
        1687,
        12,
        853,
        332
      ],
      [
        3,
        12,
        1,
        4,
        47
      ]
    ]
  }
}