{
  "rf_accuracy": 0.7613555713271823,
  "rf_macro_f1": 0.5630764859500073,
  "rf_weighted_f1": 0.724036855383978,
  "class_names": [
    "dos",
    "normal",
    "probe",
    "r2l",
    "u2r"
  ]
}